timestamp,agent,metric,current_rate,target_rate,status
Tue Mar 24 08:25:14 CST 2026,Code Writer,Lines/min,5,10,BELOW
Tue Mar 24 08:25:14 CST 2026,System Architect,Modules/min,.10,0.5,BELOW
Tue Mar 24 08:25:14 CST 2026,Marine Researcher,Websites/min,.010,0.1,BELOW
Tue Mar 24 08:25:14 CST 2026,QA Engineer,Test Cases/min,.030,0.1,BELOW
Tue Mar 24 08:25:14 CST 2026,Doc Writer,Docs/min,.010,0.067,BELOW
Tue Mar 24 08:40:14 CST 2026,Code Writer,Lines/min,18,10,MEETING
Tue Mar 24 08:40:14 CST 2026,System Architect,Modules/min,.30,0.5,BELOW
Tue Mar 24 08:40:14 CST 2026,Marine Researcher,Websites/min,.020,0.1,BELOW
Tue Mar 24 08:40:14 CST 2026,QA Engineer,Test Cases/min,.010,0.1,BELOW
Tue Mar 24 08:40:14 CST 2026,Doc Writer,Docs/min,.010,0.067,BELOW
